{"start_time": 1714066292.3417246, "elapsed_time": 20.004908561706543}